<QueryDict: {u'city': [u'Chicago'], u'first_name': [u'Testy'], u'last_name': [u'McTesterson'], u'zip': [u'60637'], u'dob': [u'1991-01-01'], u'address1': [u'123 Jump Street'], u'current_password': [u'test'], u'state': [u'IL'], u'ssn': [u'0001']}>
{'email': u'test@test.com', 'first_name': u'Testy', 'last_name': u'McTesterson', 'address1': u'123 Jump Street', 'address2': None, 'city': u'Chicago', 'state': u'IL', 'zip': u'60637', 'phone': None, 'ssn': u'XXX-XX-XXX', 'gender': u'', 'passport': u'', 'dob': '1991-01-01', 'is_valid': {'profile': False, 'phone': False, 'email': False, 'bank_account': False}}
<QueryDict: {u'city': [u'Chicago'], u'first_name': [u'Testy'], u'last_name': [u'McTesterson'], u'zip': [u'60637'], u'dob': [u'1991-01-01'], u'address1': [u'123 Jump Street'], u'current_password': [u'test'], u'state': [u'IL'], u'ssn': [u'0001']}>
{'email': u'test@test.com', 'first_name': u'Testy', 'last_name': u'McTesterson', 'address1': u'123 Jump Street', 'address2': None, 'city': u'Chicago', 'state': u'IL', 'zip': u'60637', 'phone': None, 'ssn': u'XXX-XX-XXX', 'gender': u'', 'passport': u'', 'dob': '1991-01-01', 'is_valid': {'profile': False, 'phone': False, 'email': False, 'bank_account': False}}
<QueryDict: {u'current_password': [u'test'], u'password': [u'test2']}>
{'email': u'test@test.com', 'first_name': None, 'last_name': None, 'address1': None, 'address2': None, 'city': None, 'state': None, 'zip': None, 'phone': None, 'ssn': u'XXX-XX-XXX', 'gender': u'', 'passport': u'', 'dob': '', 'is_valid': {'profile': False, 'phone': False, 'email': False, 'bank_account': False}}
<QueryDict: {u'city': [u'Chicago'], u'first_name': [u'Testy'], u'last_name': [u'McTesterson'], u'zip': [u'60637'], u'dob': [u'1991-01-01'], u'address1': [u'123 Jump Street'], u'current_password': [u'test'], u'state': [u'IL'], u'ssn': [u'0001']}>
{'email': u'test@test.com', 'first_name': u'Testy', 'last_name': u'McTesterson', 'address1': u'123 Jump Street', 'address2': None, 'city': u'Chicago', 'state': u'IL', 'zip': u'60637', 'phone': None, 'ssn': u'XXX-XX-XXX', 'gender': u'', 'passport': u'', 'dob': '1991-01-01', 'is_valid': {'profile': False, 'phone': False, 'email': False, 'bank_account': False}}
<QueryDict: {u'city': [u'Chicago'], u'first_name': [u'Testy'], u'last_name': [u'McTesterson'], u'zip': [u'60637'], u'dob': [u'1991-01-01'], u'address1': [u'123 Jump Street'], u'current_password': [u'test'], u'state': [u'IL'], u'ssn': [u'0001']}>
{'email': u'test@test.com', 'first_name': u'Testy', 'last_name': u'McTesterson', 'address1': u'123 Jump Street', 'address2': None, 'city': u'Chicago', 'state': u'IL', 'zip': u'60637', 'phone': None, 'ssn': u'XXX-XX-XXX', 'gender': u'', 'passport': u'', 'dob': '1991-01-01', 'is_valid': {'profile': False, 'phone': False, 'email': False, 'bank_account': False}}
<QueryDict: {u'current_password': [u'test'], u'password': [u'test2']}>
{'email': u'test@test.com', 'first_name': None, 'last_name': None, 'address1': None, 'address2': None, 'city': None, 'state': None, 'zip': None, 'phone': None, 'ssn': u'XXX-XX-XXX', 'gender': u'', 'passport': u'', 'dob': '', 'is_valid': {'profile': False, 'phone': False, 'email': False, 'bank_account': False}}
XXX-XX-XXX
<QueryDict: {u'city': [u'Chicago'], u'first_name': [u'Testy'], u'last_name': [u'McTesterson'], u'zip': [u'60637'], u'dob': [u'1991-01-01'], u'address1': [u'123 Jump Street'], u'current_password': [u'test'], u'state': [u'IL'], u'ssn': [u'0001']}>
{'email': u'test@test.com', 'first_name': u'Testy', 'last_name': u'McTesterson', 'address1': u'123 Jump Street', 'address2': None, 'city': u'Chicago', 'state': u'IL', 'zip': u'60637', 'phone': None, 'ssn': u'XXX-XX-XXX', 'gender': u'', 'passport': u'', 'dob': '1991-01-01', 'is_valid': {'profile': False, 'phone': False, 'email': False, 'bank_account': False}}
XXX-XX-XXX
<QueryDict: {u'city': [u'Chicago'], u'first_name': [u'Testy'], u'last_name': [u'McTesterson'], u'zip': [u'60637'], u'dob': [u'1991-01-01'], u'address1': [u'123 Jump Street'], u'current_password': [u'test'], u'state': [u'IL'], u'ssn': [u'0001']}>
{'email': u'test@test.com', 'first_name': u'Testy', 'last_name': u'McTesterson', 'address1': u'123 Jump Street', 'address2': None, 'city': u'Chicago', 'state': u'IL', 'zip': u'60637', 'phone': None, 'ssn': u'XXX-XX-XXX', 'gender': u'', 'passport': u'', 'dob': '1991-01-01', 'is_valid': {'profile': False, 'phone': False, 'email': False, 'bank_account': False}}
XXX-XX-XXX
<QueryDict: {u'current_password': [u'test'], u'password': [u'test2']}>
{'email': u'test@test.com', 'first_name': None, 'last_name': None, 'address1': None, 'address2': None, 'city': None, 'state': None, 'zip': None, 'phone': None, 'ssn': u'XXX-XX-XXX', 'gender': u'', 'passport': u'', 'dob': '', 'is_valid': {'profile': False, 'phone': False, 'email': False, 'bank_account': False}}
XXX-XX-XXX
<QueryDict: {u'city': [u'Chicago'], u'first_name': [u'Testy'], u'last_name': [u'McTesterson'], u'zip': [u'60637'], u'dob': [u'1991-01-01'], u'address1': [u'123 Jump Street'], u'current_password': [u'test'], u'state': [u'IL'], u'ssn': [u'0001']}>
{'email': u'test@test.com', 'first_name': u'Testy', 'last_name': u'McTesterson', 'address1': u'123 Jump Street', 'address2': None, 'city': u'Chicago', 'state': u'IL', 'zip': u'60637', 'phone': None, 'ssn': u'XXX-XX-XXX', 'gender': u'', 'passport': u'', 'dob': '1991-01-01', 'is_valid': {'profile': False, 'phone': False, 'email': False, 'bank_account': False}}
XXX-XX-XXX
<QueryDict: {u'city': [u'Chicago'], u'first_name': [u'Testy'], u'last_name': [u'McTesterson'], u'zip': [u'60637'], u'dob': [u'1991-01-01'], u'address1': [u'123 Jump Street'], u'current_password': [u'test'], u'state': [u'IL'], u'ssn': [u'0001']}>
{'email': u'test@test.com', 'first_name': u'Testy', 'last_name': u'McTesterson', 'address1': u'123 Jump Street', 'address2': None, 'city': u'Chicago', 'state': u'IL', 'zip': u'60637', 'phone': None, 'ssn': u'XXX-XX-XXX', 'gender': u'', 'passport': u'', 'dob': '1991-01-01', 'is_valid': {'profile': False, 'phone': False, 'email': False, 'bank_account': False}}
XXX-XX-XXX
<QueryDict: {u'current_password': [u'test'], u'password': [u'test2']}>
{'email': u'test@test.com', 'first_name': None, 'last_name': None, 'address1': None, 'address2': None, 'city': None, 'state': None, 'zip': None, 'phone': None, 'ssn': u'XXX-XX-XXX', 'gender': u'', 'passport': u'', 'dob': '', 'is_valid': {'profile': False, 'phone': False, 'email': False, 'bank_account': False}}
XXX-XX-XXX
<QueryDict: {u'city': [u'Chicago'], u'first_name': [u'Testy'], u'last_name': [u'McTesterson'], u'zip': [u'60637'], u'dob': [u'1991-01-01'], u'address1': [u'123 Jump Street'], u'current_password': [u'test'], u'state': [u'IL'], u'ssn': [u'0001']}>
{'email': u'test@test.com', 'first_name': u'Testy', 'last_name': u'McTesterson', 'address1': u'123 Jump Street', 'address2': None, 'city': u'Chicago', 'state': u'IL', 'zip': u'60637', 'phone': None, 'ssn': u'XXX-XX-XXX', 'gender': u'', 'passport': u'', 'dob': '1991-01-01', 'is_valid': {'profile': False, 'phone': False, 'email': False, 'bank_account': False}}
XXX-XX-XXX
<QueryDict: {u'city': [u'Chicago'], u'first_name': [u'Testy'], u'last_name': [u'McTesterson'], u'zip': [u'60637'], u'dob': [u'1991-01-01'], u'address1': [u'123 Jump Street'], u'current_password': [u'test'], u'state': [u'IL'], u'ssn': [u'0001']}>
{'email': u'test@test.com', 'first_name': u'Testy', 'last_name': u'McTesterson', 'address1': u'123 Jump Street', 'address2': None, 'city': u'Chicago', 'state': u'IL', 'zip': u'60637', 'phone': None, 'ssn': u'XXX-XX-XXX', 'gender': u'', 'passport': u'', 'dob': '1991-01-01', 'is_valid': {'profile': False, 'phone': False, 'email': False, 'bank_account': False}}
XXX-XX-XXX
<QueryDict: {u'current_password': [u'test'], u'password': [u'test2']}>
{'email': u'test@test.com', 'first_name': None, 'last_name': None, 'address1': None, 'address2': None, 'city': None, 'state': None, 'zip': None, 'phone': None, 'ssn': u'XXX-XX-XXX', 'gender': u'', 'passport': u'', 'dob': '', 'is_valid': {'profile': False, 'phone': False, 'email': False, 'bank_account': False}}
XXX-XX-XXX
<QueryDict: {u'city': [u'Chicago'], u'first_name': [u'Testy'], u'last_name': [u'McTesterson'], u'zip': [u'60637'], u'dob': [u'1991-01-01'], u'address1': [u'123 Jump Street'], u'current_password': [u'test'], u'state': [u'IL'], u'ssn': [u'0001']}>
{'email': u'test@test.com', 'first_name': u'Testy', 'last_name': u'McTesterson', 'address1': u'123 Jump Street', 'address2': None, 'city': u'Chicago', 'state': u'IL', 'zip': u'60637', 'phone': None, 'ssn': u'XXX-XX-XXX', 'gender': u'', 'passport': u'', 'dob': '1991-01-01', 'is_valid': {'profile': False, 'phone': False, 'email': False, 'bank_account': False}}
XXX-XX-XXX
<QueryDict: {u'city': [u'Chicago'], u'first_name': [u'Testy'], u'last_name': [u'McTesterson'], u'zip': [u'60637'], u'dob': [u'1991-01-01'], u'address1': [u'123 Jump Street'], u'current_password': [u'test'], u'state': [u'IL'], u'ssn': [u'0001']}>
{'email': u'test@test.com', 'first_name': u'Testy', 'last_name': u'McTesterson', 'address1': u'123 Jump Street', 'address2': None, 'city': u'Chicago', 'state': u'IL', 'zip': u'60637', 'phone': None, 'ssn': u'XXX-XX-XXX', 'gender': u'', 'passport': u'', 'dob': '1991-01-01', 'is_valid': {'profile': False, 'phone': False, 'email': False, 'bank_account': False}}
XXX-XX-XXX
<QueryDict: {u'current_password': [u'test'], u'email': [u'test2@test.com']}>
{'email': u'test2@test.com', 'first_name': None, 'last_name': None, 'address1': None, 'address2': None, 'city': None, 'state': None, 'zip': None, 'phone': None, 'ssn': u'XXX-XX-XXX', 'gender': u'', 'passport': u'', 'dob': '', 'is_valid': {'profile': False, 'phone': False, 'email': False, 'bank_account': False}}
XXX-XX-XXX
<QueryDict: {u'phone': [u'7731234567'], u'current_password': [u'test']}>
{'email': u'test@test.com', 'first_name': None, 'last_name': None, 'address1': None, 'address2': None, 'city': None, 'state': None, 'zip': None, 'phone': 7731234567L, 'ssn': u'XXX-XX-XXX', 'gender': u'', 'passport': u'', 'dob': '', 'is_valid': {'profile': False, 'phone': False, 'email': False, 'bank_account': False}}
XXX-XX-XXX
<QueryDict: {u'current_password': [u'test'], u'password': [u'test2']}>
{'email': u'test@test.com', 'first_name': None, 'last_name': None, 'address1': None, 'address2': None, 'city': None, 'state': None, 'zip': None, 'phone': None, 'ssn': u'XXX-XX-XXX', 'gender': u'', 'passport': u'', 'dob': '', 'is_valid': {'profile': False, 'phone': False, 'email': False, 'bank_account': False}}
XXX-XX-XXX
<QueryDict: {u'city': [u'Chicago'], u'first_name': [u'Testy'], u'last_name': [u'McTesterson'], u'zip': [u'60637'], u'dob': [u'1991-01-01'], u'address1': [u'123 Jump Street'], u'current_password': [u'test'], u'state': [u'IL'], u'ssn': [u'0001']}>
{'email': u'test@test.com', 'first_name': u'Testy', 'last_name': u'McTesterson', 'address1': u'123 Jump Street', 'address2': None, 'city': u'Chicago', 'state': u'IL', 'zip': u'60637', 'phone': None, 'ssn': u'XXX-XX-XXX', 'gender': u'', 'passport': u'', 'dob': '1991-01-01', 'is_valid': {'profile': False, 'phone': False, 'email': False, 'bank_account': False}}
XXX-XX-XXX
<QueryDict: {u'city': [u'Chicago'], u'first_name': [u'Testy'], u'last_name': [u'McTesterson'], u'zip': [u'60637'], u'dob': [u'1991-01-01'], u'address1': [u'123 Jump Street'], u'current_password': [u'test'], u'state': [u'IL'], u'ssn': [u'0001']}>
{'email': u'test@test.com', 'first_name': u'Testy', 'last_name': u'McTesterson', 'address1': u'123 Jump Street', 'address2': None, 'city': u'Chicago', 'state': u'IL', 'zip': u'60637', 'phone': None, 'ssn': u'XXX-XX-XXX', 'gender': u'', 'passport': u'', 'dob': '1991-01-01', 'is_valid': {'profile': False, 'phone': False, 'email': False, 'bank_account': False}}
XXX-XX-XXX
<QueryDict: {u'current_password': [u'test'], u'email': [u'test2@test.com']}>
{'email': u'test2@test.com', 'first_name': None, 'last_name': None, 'address1': None, 'address2': None, 'city': None, 'state': None, 'zip': None, 'phone': None, 'ssn': u'XXX-XX-XXX', 'gender': u'', 'passport': u'', 'dob': '', 'is_valid': {'profile': False, 'phone': False, 'email': False, 'bank_account': False}}
XXX-XX-XXX
<QueryDict: {u'phone': [u'7731234567'], u'current_password': [u'test']}>
{'email': u'test@test.com', 'first_name': None, 'last_name': None, 'address1': None, 'address2': None, 'city': None, 'state': None, 'zip': None, 'phone': 7731234567L, 'ssn': u'XXX-XX-XXX', 'gender': u'', 'passport': u'', 'dob': '', 'is_valid': {'profile': False, 'phone': False, 'email': False, 'bank_account': False}}
XXX-XX-XXX
<QueryDict: {u'current_password': [u'test'], u'password': [u'test2']}>
{'email': u'test@test.com', 'first_name': None, 'last_name': None, 'address1': None, 'address2': None, 'city': None, 'state': None, 'zip': None, 'phone': None, 'ssn': u'XXX-XX-XXX', 'gender': u'', 'passport': u'', 'dob': '', 'is_valid': {'profile': False, 'phone': False, 'email': False, 'bank_account': False}}
XXX-XX-XXX
<QueryDict: {u'city': [u'Chicago'], u'first_name': [u'Testy'], u'last_name': [u'McTesterson'], u'zip': [u'60637'], u'dob': [u'1991-01-01'], u'address1': [u'123 Jump Street'], u'current_password': [u'test'], u'state': [u'IL'], u'ssn': [u'0001']}>
{'email': u'test@test.com', 'first_name': u'Testy', 'last_name': u'McTesterson', 'address1': u'123 Jump Street', 'address2': None, 'city': u'Chicago', 'state': u'IL', 'zip': u'60637', 'phone': None, 'ssn': u'XXX-XX-XXX', 'gender': u'', 'passport': u'', 'dob': '1991-01-01', 'is_valid': {'profile': False, 'phone': False, 'email': False, 'bank_account': False}}
XXX-XX-XXX
<QueryDict: {u'city': [u'Chicago'], u'first_name': [u'Testy'], u'last_name': [u'McTesterson'], u'zip': [u'60637'], u'dob': [u'1991-01-01'], u'address1': [u'123 Jump Street'], u'current_password': [u'test'], u'state': [u'IL'], u'ssn': [u'0001']}>
{'email': u'test@test.com', 'first_name': u'Testy', 'last_name': u'McTesterson', 'address1': u'123 Jump Street', 'address2': None, 'city': u'Chicago', 'state': u'IL', 'zip': u'60637', 'phone': None, 'ssn': u'XXX-XX-XXX', 'gender': u'', 'passport': u'', 'dob': '1991-01-01', 'is_valid': {'profile': False, 'phone': False, 'email': False, 'bank_account': False}}
XXX-XX-XXX
<QueryDict: {u'city': [u'Chicago'], u'first_name': [u'Testy'], u'last_name': [u'McTesterson'], u'zip': [u'60637'], u'dob': [u'1991-01-01'], u'address1': [u'123 Jump Street'], u'current_password': [u'test'], u'state': [u'IL'], u'ssn': [u'0001']}>
{'email': u'test@test.com', 'first_name': u'Testy', 'last_name': u'McTesterson', 'address1': u'123 Jump Street', 'address2': None, 'city': u'Chicago', 'state': u'IL', 'zip': u'60637', 'phone': None, 'ssn': u'XXX-XX-XXX', 'gender': u'', 'passport': u'', 'dob': '1991-01-01', 'is_valid': {'profile': False, 'phone': False, 'email': False, 'bank_account': False}}
XXX-XX-XXX
<QueryDict: {u'city': [u'Chicago'], u'first_name': [u'Testy'], u'last_name': [u'McTesterson'], u'zip': [u'60637'], u'dob': [u'1991-01-01'], u'address1': [u'123 Jump Street'], u'current_password': [u'test'], u'state': [u'IL'], u'ssn': [u'0001']}>
{'email': u'test@test.com', 'first_name': u'Testy', 'last_name': u'McTesterson', 'address1': u'123 Jump Street', 'address2': None, 'city': u'Chicago', 'state': u'IL', 'zip': u'60637', 'phone': None, 'ssn': u'XXX-XX-XXX', 'gender': u'', 'passport': u'', 'dob': '1991-01-01', 'is_valid': {'profile': False, 'phone': False, 'email': False, 'bank_account': False}}
XXX-XX-XXX
<QueryDict: {u'current_password': [u'test'], u'email': [u'test2@test.com']}>
{'email': u'test2@test.com', 'first_name': None, 'last_name': None, 'address1': None, 'address2': None, 'city': None, 'state': None, 'zip': None, 'phone': None, 'ssn': u'XXX-XX-XXX', 'gender': u'', 'passport': u'', 'dob': '', 'is_valid': {'profile': False, 'phone': False, 'email': False, 'bank_account': False}}
XXX-XX-XXX
<QueryDict: {u'phone': [u'7731234567'], u'current_password': [u'test']}>
{'email': u'test@test.com', 'first_name': None, 'last_name': None, 'address1': None, 'address2': None, 'city': None, 'state': None, 'zip': None, 'phone': 7731234567L, 'ssn': u'XXX-XX-XXX', 'gender': u'', 'passport': u'', 'dob': '', 'is_valid': {'profile': False, 'phone': False, 'email': False, 'bank_account': False}}
XXX-XX-XXX
<QueryDict: {u'current_password': [u'test'], u'password': [u'test2']}>
{'email': u'test@test.com', 'first_name': None, 'last_name': None, 'address1': None, 'address2': None, 'city': None, 'state': None, 'zip': None, 'phone': None, 'ssn': u'XXX-XX-XXX', 'gender': u'', 'passport': u'', 'dob': '', 'is_valid': {'profile': False, 'phone': False, 'email': False, 'bank_account': False}}
XXX-XX-XXX
<QueryDict: {u'current_password': [u'test'], u'email': [u'test2@test.com']}>
{'email': u'test2@test.com', 'first_name': None, 'last_name': None, 'address1': None, 'address2': None, 'city': None, 'state': None, 'zip': None, 'phone': None, 'ssn': u'XXX-XX-XXX', 'gender': u'', 'passport': u'', 'dob': '', 'is_valid': {'profile': False, 'phone': False, 'email': False, 'bank_account': False}}
XXX-XX-XXX
<QueryDict: {u'phone': [u'7731234567'], u'current_password': [u'test']}>
{'email': u'test@test.com', 'first_name': None, 'last_name': None, 'address1': None, 'address2': None, 'city': None, 'state': None, 'zip': None, 'phone': 7731234567L, 'ssn': u'XXX-XX-XXX', 'gender': u'', 'passport': u'', 'dob': '', 'is_valid': {'profile': False, 'phone': False, 'email': False, 'bank_account': False}}
XXX-XX-XXX
<QueryDict: {u'current_password': [u'test'], u'password': [u'test2']}>
{'email': u'test@test.com', 'first_name': None, 'last_name': None, 'address1': None, 'address2': None, 'city': None, 'state': None, 'zip': None, 'phone': None, 'ssn': u'XXX-XX-XXX', 'gender': u'', 'passport': u'', 'dob': '', 'is_valid': {'profile': False, 'phone': False, 'email': False, 'bank_account': False}}
XXX-XX-XXX
<QueryDict: {u'current_password': [u'test'], u'email': [u'test2@test.com']}>
{'email': u'test2@test.com', 'first_name': None, 'last_name': None, 'address1': None, 'address2': None, 'city': None, 'state': None, 'zip': None, 'phone': None, 'ssn': u'XXX-XX-XXX', 'gender': u'', 'passport': u'', 'dob': '', 'is_valid': {'profile': False, 'phone': False, 'email': False, 'bank_account': False}}
XXX-XX-XXX
<QueryDict: {u'phone': [u'7731234567'], u'current_password': [u'test']}>
{'email': u'test@test.com', 'first_name': None, 'last_name': None, 'address1': None, 'address2': None, 'city': None, 'state': None, 'zip': None, 'phone': 7731234567L, 'ssn': u'XXX-XX-XXX', 'gender': u'', 'passport': u'', 'dob': '', 'is_valid': {'profile': False, 'phone': False, 'email': False, 'bank_account': False}}
XXX-XX-XXX
<QueryDict: {u'current_password': [u'test'], u'password': [u'test2']}>
{'email': u'test@test.com', 'first_name': None, 'last_name': None, 'address1': None, 'address2': None, 'city': None, 'state': None, 'zip': None, 'phone': None, 'ssn': None, 'gender': u'', 'passport': u'', 'dob': '', 'is_valid': {'profile': False, 'phone': False, 'email': False, 'bank_account': False}}
None
<QueryDict: {u'current_password': [u'test'], u'password': [u'test2']}>
{'email': u'test@test.com', 'first_name': None, 'last_name': None, 'address1': None, 'address2': None, 'city': None, 'state': None, 'zip': None, 'phone': None, 'ssn': None, 'gender': u'', 'passport': u'', 'dob': '', 'is_valid': {'profile': False, 'phone': False, 'email': False, 'bank_account': False}}
None
<QueryDict: {u'current_password': [u'test'], u'password': [u'test2']}>
{'email': u'test@test.com', 'first_name': None, 'last_name': None, 'address1': None, 'address2': None, 'city': None, 'state': None, 'zip': None, 'phone': None, 'ssn': None, 'gender': u'', 'passport': u'', 'dob': '', 'is_valid': {'profile': False, 'phone': False, 'email': False, 'bank_account': False}}
None
<QueryDict: {u'current_password': [u'test'], u'password': [u'test2']}>
{'email': u'test@test.com', 'first_name': None, 'last_name': None, 'address1': None, 'address2': None, 'city': None, 'state': None, 'zip': None, 'phone': None, 'ssn': None, 'gender': u'', 'passport': u'', 'dob': '', 'is_valid': {'profile': False, 'phone': False, 'email': False, 'bank_account': False}}
None
<QueryDict: {u'current_password': [u'test'], u'password': [u'test2']}>
{'email': u'test@test.com', 'first_name': None, 'last_name': None, 'address1': None, 'address2': None, 'city': None, 'state': None, 'zip': None, 'phone': None, 'ssn': None, 'gender': u'', 'passport': u'', 'dob': '', 'is_valid': {'profile': False, 'phone': False, 'email': False, 'bank_account': False}}
None
<QueryDict: {u'current_password': [u'test'], u'password': [u'test2']}>
{'email': u'test@test.com', 'first_name': None, 'last_name': None, 'address1': None, 'address2': None, 'city': None, 'state': None, 'zip': None, 'phone': None, 'ssn': u'', 'gender': u'', 'passport': u'', 'dob': '', 'is_valid': {'profile': False, 'phone': False, 'email': False, 'bank_account': False}}

<QueryDict: {u'city': [u'Chicago'], u'first_name': [u'Testy'], u'last_name': [u'McTesterson'], u'zip': [u'60637'], u'dob': [u'1991-01-01'], u'address1': [u'123 Jump Street'], u'current_password': [u'test'], u'state': [u'IL'], u'ssn': [u'0001']}>
{'email': u'test@test.com', 'first_name': u'Testy', 'last_name': u'McTesterson', 'address1': u'123 Jump Street', 'address2': None, 'city': u'Chicago', 'state': u'IL', 'zip': u'60637', 'phone': None, 'ssn': u'0001', 'gender': u'', 'passport': u'', 'dob': '1991-01-01', 'is_valid': {'profile': False, 'phone': False, 'email': False, 'bank_account': False}}
0001
<QueryDict: {u'city': [u'Chicago'], u'first_name': [u'Testy'], u'last_name': [u'McTesterson'], u'zip': [u'60637'], u'dob': [u'1991-01-01'], u'address1': [u'123 Jump Street'], u'current_password': [u'test'], u'state': [u'IL'], u'ssn': [u'0001']}>
{'email': u'test@test.com', 'first_name': u'Testy', 'last_name': u'McTesterson', 'address1': u'123 Jump Street', 'address2': None, 'city': u'Chicago', 'state': u'IL', 'zip': u'60637', 'phone': None, 'ssn': u'0001', 'gender': u'', 'passport': u'', 'dob': '1991-01-01', 'is_valid': {'profile': False, 'phone': False, 'email': False, 'bank_account': False}}
0001
<QueryDict: {u'city': [u'Chicago'], u'first_name': [u'Testy'], u'last_name': [u'McTesterson'], u'zip': [u'60637'], u'dob': [u'1991-01-01'], u'address1': [u'123 Jump Street'], u'current_password': [u'test'], u'state': [u'IL'], u'ssn': [u'0001']}>
{'email': u'test@test.com', 'first_name': u'Testy', 'last_name': u'McTesterson', 'address1': u'123 Jump Street', 'address2': None, 'city': u'Chicago', 'state': u'IL', 'zip': u'60637', 'phone': None, 'ssn': u'0001', 'gender': u'', 'passport': u'', 'dob': '1991-01-01', 'is_valid': {'profile': False, 'phone': False, 'email': False, 'bank_account': False}}
0001
<QueryDict: {u'city': [u'Chicago'], u'first_name': [u'Testy'], u'last_name': [u'McTesterson'], u'zip': [u'60637'], u'dob': [u'1991-01-01'], u'address1': [u'123 Jump Street'], u'current_password': [u'test'], u'state': [u'IL'], u'ssn': [u'0001']}>
{'email': u'test@test.com', 'first_name': u'Testy', 'last_name': u'McTesterson', 'address1': u'123 Jump Street', 'address2': None, 'city': u'Chicago', 'state': u'IL', 'zip': u'60637', 'phone': None, 'ssn': u'0001', 'gender': u'', 'passport': u'', 'dob': '1991-01-01', 'is_valid': {'profile': False, 'phone': False, 'email': False, 'bank_account': False}}
0001
<QueryDict: {u'current_password': [u'test'], u'email': [u'test2@test.com']}>
{'email': u'test2@test.com', 'first_name': None, 'last_name': None, 'address1': None, 'address2': None, 'city': None, 'state': None, 'zip': None, 'phone': None, 'ssn': u'', 'gender': u'', 'passport': u'', 'dob': '', 'is_valid': {'profile': False, 'phone': False, 'email': False, 'bank_account': False}}

<QueryDict: {u'phone': [u'7731234567'], u'current_password': [u'test']}>
{'email': u'test@test.com', 'first_name': None, 'last_name': None, 'address1': None, 'address2': None, 'city': None, 'state': None, 'zip': None, 'phone': 7731234567L, 'ssn': u'', 'gender': u'', 'passport': u'', 'dob': '', 'is_valid': {'profile': False, 'phone': False, 'email': False, 'bank_account': False}}

<QueryDict: {u'current_password': [u'test'], u'password': [u'test2']}>
{'email': u'test@test.com', 'first_name': None, 'last_name': None, 'address1': None, 'address2': None, 'city': None, 'state': None, 'zip': None, 'phone': None, 'ssn': u'', 'gender': u'', 'passport': u'', 'dob': '', 'is_valid': {'profile': False, 'phone': False, 'email': False, 'bank_account': False}}

<QueryDict: {u'current_password': [u'test'], u'password': [u'test2']}>
{'email': u'test@test.com', 'first_name': None, 'last_name': None, 'address1': None, 'address2': None, 'city': None, 'state': None, 'zip': None, 'phone': None, 'ssn': u'', 'gender': u'', 'passport': u'', 'dob': '', 'is_valid': {'profile': False, 'phone': False, 'email': False, 'bank_account': False}}

<QueryDict: {u'city': [u'Chicago'], u'first_name': [u'Testy'], u'last_name': [u'McTesterson'], u'zip': [u'60637'], u'dob': [u'1991-01-01'], u'address1': [u'123 Jump Street'], u'current_password': [u'test'], u'state': [u'IL'], u'ssn': [u'0001']}>
{'email': u'test@test.com', 'first_name': u'Testy', 'last_name': u'McTesterson', 'address1': u'123 Jump Street', 'address2': None, 'city': u'Chicago', 'state': u'IL', 'zip': u'60637', 'phone': None, 'ssn': u'0001', 'gender': u'', 'passport': u'', 'dob': '1991-01-01', 'is_valid': {'profile': False, 'phone': False, 'email': False, 'bank_account': False}}
0001
<QueryDict: {u'city': [u'Chicago'], u'first_name': [u'Testy'], u'last_name': [u'McTesterson'], u'zip': [u'60637'], u'dob': [u'1991-01-01'], u'address1': [u'123 Jump Street'], u'current_password': [u'test'], u'state': [u'IL'], u'ssn': [u'0001']}>
{'email': u'test@test.com', 'first_name': u'Testy', 'last_name': u'McTesterson', 'address1': u'123 Jump Street', 'address2': None, 'city': u'Chicago', 'state': u'IL', 'zip': u'60637', 'phone': None, 'ssn': u'0001', 'gender': u'', 'passport': u'', 'dob': '1991-01-01', 'is_valid': {'profile': False, 'phone': False, 'email': False, 'bank_account': False}}
0001
<QueryDict: {u'city': [u'Chicago'], u'first_name': [u'Testy'], u'last_name': [u'McTesterson'], u'zip': [u'60637'], u'dob': [u'1991-01-01'], u'address1': [u'123 Jump Street'], u'current_password': [u'test'], u'state': [u'IL'], u'ssn': [u'0001']}>
{'email': u'test@test.com', 'first_name': u'Testy', 'last_name': u'McTesterson', 'address1': u'123 Jump Street', 'address2': None, 'city': u'Chicago', 'state': u'IL', 'zip': u'60637', 'phone': None, 'ssn': u'0001', 'gender': u'', 'passport': u'', 'dob': '1991-01-01', 'is_valid': {'profile': False, 'phone': False, 'email': False, 'bank_account': False}}
0001
<QueryDict: {u'city': [u'Chicago'], u'first_name': [u'Testy'], u'last_name': [u'McTesterson'], u'zip': [u'60637'], u'dob': [u'1991-01-01'], u'address1': [u'123 Jump Street'], u'current_password': [u'test'], u'state': [u'IL'], u'ssn': [u'0001']}>
{'email': u'test@test.com', 'first_name': u'Testy', 'last_name': u'McTesterson', 'address1': u'123 Jump Street', 'address2': None, 'city': u'Chicago', 'state': u'IL', 'zip': u'60637', 'phone': None, 'ssn': u'0001', 'gender': u'', 'passport': u'', 'dob': '1991-01-01', 'is_valid': {'profile': False, 'phone': False, 'email': False, 'bank_account': False}}
0001
<QueryDict: {u'current_password': [u'test'], u'email': [u'test2@test.com']}>
{'email': u'test2@test.com', 'first_name': None, 'last_name': None, 'address1': None, 'address2': None, 'city': None, 'state': None, 'zip': None, 'phone': None, 'ssn': u'', 'gender': u'', 'passport': u'', 'dob': '', 'is_valid': {'profile': False, 'phone': False, 'email': False, 'bank_account': False}}

<QueryDict: {u'phone': [u'7731234567'], u'current_password': [u'test']}>
{'email': u'test@test.com', 'first_name': None, 'last_name': None, 'address1': None, 'address2': None, 'city': None, 'state': None, 'zip': None, 'phone': 7731234567L, 'ssn': u'', 'gender': u'', 'passport': u'', 'dob': '', 'is_valid': {'profile': False, 'phone': False, 'email': False, 'bank_account': False}}

<QueryDict: {u'current_password': [u'test'], u'password': [u'test2']}>
{'email': u'test@test.com', 'first_name': None, 'last_name': None, 'address1': None, 'address2': None, 'city': None, 'state': None, 'zip': None, 'phone': None, 'ssn': u'', 'gender': u'', 'passport': u'', 'dob': '', 'is_valid': {'profile': False, 'phone': False, 'email': False, 'bank_account': False}}

<QueryDict: {u'city': [u'Chicago'], u'first_name': [u'Testy'], u'last_name': [u'McTesterson'], u'zip': [u'60637'], u'dob': [u'1991-01-01'], u'address1': [u'123 Jump Street'], u'current_password': [u'test'], u'state': [u'IL'], u'ssn': [u'0001']}>
{'email': u'test@test.com', 'first_name': u'Testy', 'last_name': u'McTesterson', 'address1': u'123 Jump Street', 'address2': None, 'city': u'Chicago', 'state': u'IL', 'zip': u'60637', 'phone': None, 'ssn': u'0001', 'gender': u'', 'passport': u'', 'dob': '1991-01-01', 'is_valid': {'profile': False, 'phone': False, 'email': False, 'bank_account': False}}
0001
<QueryDict: {u'city': [u'Chicago'], u'first_name': [u'Testy'], u'last_name': [u'McTesterson'], u'zip': [u'60637'], u'dob': [u'1991-01-01'], u'address1': [u'123 Jump Street'], u'current_password': [u'test'], u'state': [u'IL'], u'ssn': [u'0000']}>
{'email': u'test@test.com', 'first_name': u'Testy', 'last_name': u'McTesterson', 'address1': u'123 Jump Street', 'address2': None, 'city': u'Chicago', 'state': u'IL', 'zip': u'60637', 'phone': None, 'ssn': u'0000', 'gender': u'', 'passport': u'', 'dob': '1991-01-01', 'is_valid': {'profile': True, 'phone': False, 'email': False, 'bank_account': False}}
0000
<QueryDict: {u'city': [u'Chicago'], u'first_name': [u'Testy'], u'last_name': [u'McTesterson'], u'zip': [u'60637'], u'dob': [u'1991-01-01'], u'address1': [u'123 Jump Street'], u'current_password': [u'test'], u'state': [u'IL'], u'ssn': [u'0001']}>
{'email': u'test@test.com', 'first_name': u'Testy', 'last_name': u'McTesterson', 'address1': u'123 Jump Street', 'address2': None, 'city': u'Chicago', 'state': u'IL', 'zip': u'60637', 'phone': None, 'ssn': u'0001', 'gender': u'', 'passport': u'', 'dob': '1991-01-01', 'is_valid': {'profile': False, 'phone': False, 'email': False, 'bank_account': False}}
0001
<QueryDict: {u'city': [u'Chicago'], u'first_name': [u'Testy'], u'last_name': [u'McTesterson'], u'zip': [u'60637'], u'dob': [u'1991-01-01'], u'address1': [u'123 Jump Street'], u'current_password': [u'test'], u'state': [u'IL'], u'ssn': [u'0001']}>
{'email': u'test@test.com', 'first_name': u'Testy', 'last_name': u'McTesterson', 'address1': u'123 Jump Street', 'address2': None, 'city': u'Chicago', 'state': u'IL', 'zip': u'60637', 'phone': None, 'ssn': u'0001', 'gender': u'', 'passport': u'', 'dob': '1991-01-01', 'is_valid': {'profile': False, 'phone': False, 'email': False, 'bank_account': False}}
0001
<QueryDict: {u'city': [u'Chicago'], u'first_name': [u'Testy'], u'last_name': [u'McTesterson'], u'zip': [u'60637'], u'dob': [u'1991-01-01'], u'address1': [u'123 Jump Street'], u'current_password': [u'test'], u'state': [u'IL'], u'ssn': [u'0001']}>
{'email': u'test@test.com', 'first_name': u'Testy', 'last_name': u'McTesterson', 'address1': u'123 Jump Street', 'address2': None, 'city': u'Chicago', 'state': u'IL', 'zip': u'60637', 'phone': None, 'ssn': u'0001', 'gender': u'', 'passport': u'', 'dob': '1991-01-01', 'is_valid': {'profile': False, 'phone': False, 'email': False, 'bank_account': False}}
0001
<QueryDict: {u'current_password': [u'test'], u'email': [u'test2@test.com']}>
{'email': u'test2@test.com', 'first_name': None, 'last_name': None, 'address1': None, 'address2': None, 'city': None, 'state': None, 'zip': None, 'phone': None, 'ssn': u'', 'gender': u'', 'passport': u'', 'dob': '', 'is_valid': {'profile': False, 'phone': False, 'email': False, 'bank_account': False}}

<QueryDict: {u'phone': [u'7731234567'], u'current_password': [u'test']}>
{'email': u'test@test.com', 'first_name': None, 'last_name': None, 'address1': None, 'address2': None, 'city': None, 'state': None, 'zip': None, 'phone': 7731234567L, 'ssn': u'', 'gender': u'', 'passport': u'', 'dob': '', 'is_valid': {'profile': False, 'phone': False, 'email': False, 'bank_account': False}}

<QueryDict: {u'current_password': [u'test'], u'password': [u'test2']}>
{'email': u'test@test.com', 'first_name': None, 'last_name': None, 'address1': None, 'address2': None, 'city': None, 'state': None, 'zip': None, 'phone': None, 'ssn': u'', 'gender': u'', 'passport': u'', 'dob': '', 'is_valid': {'profile': False, 'phone': False, 'email': False, 'bank_account': False}}

<QueryDict: {u'city': [u'Chicago'], u'first_name': [u'Testy'], u'last_name': [u'McTesterson'], u'zip': [u'60637'], u'dob': [u'1991-01-01'], u'address1': [u'123 Jump Street'], u'current_password': [u'test'], u'state': [u'IL'], u'ssn': [u'0001']}>
{'email': u'test@test.com', 'first_name': u'Testy', 'last_name': u'McTesterson', 'address1': u'123 Jump Street', 'address2': None, 'city': u'Chicago', 'state': u'IL', 'zip': u'60637', 'phone': None, 'ssn': u'0001', 'gender': u'', 'passport': u'', 'dob': '1991-01-01', 'is_valid': {'profile': False, 'phone': False, 'email': False, 'bank_account': False}}
0001
<QueryDict: {u'city': [u'Chicago'], u'first_name': [u'Testy'], u'last_name': [u'McTesterson'], u'zip': [u'60637'], u'dob': [u'1991-01-01'], u'address1': [u'123 Jump Street'], u'current_password': [u'test'], u'state': [u'IL'], u'ssn': [u'0000']}>
{'email': u'test@test.com', 'first_name': u'Testy', 'last_name': u'McTesterson', 'address1': u'123 Jump Street', 'address2': None, 'city': u'Chicago', 'state': u'IL', 'zip': u'60637', 'phone': None, 'ssn': u'0000', 'gender': u'', 'passport': u'', 'dob': '1991-01-01', 'is_valid': {'profile': True, 'phone': False, 'email': False, 'bank_account': False}}
0000
<QueryDict: {u'city': [u'Chicago'], u'first_name': [u'Testy'], u'last_name': [u'McTesterson'], u'zip': [u'60637'], u'dob': [u'1991-01-01'], u'address1': [u'123 Jump Street'], u'current_password': [u'test'], u'state': [u'IL'], u'ssn': [u'0001']}>
{'email': u'test@test.com', 'first_name': u'Testy', 'last_name': u'McTesterson', 'address1': u'123 Jump Street', 'address2': None, 'city': u'Chicago', 'state': u'IL', 'zip': u'60637', 'phone': None, 'ssn': u'0001', 'gender': u'', 'passport': u'', 'dob': '1991-01-01', 'is_valid': {'profile': False, 'phone': False, 'email': False, 'bank_account': False}}
0001
<QueryDict: {u'city': [u'Chicago'], u'first_name': [u'Testy'], u'last_name': [u'McTesterson'], u'zip': [u'60637'], u'dob': [u'1991-01-01'], u'address1': [u'123 Jump Street'], u'current_password': [u'test'], u'state': [u'IL'], u'ssn': [u'0001']}>
{'email': u'test@test.com', 'first_name': u'Testy', 'last_name': u'McTesterson', 'address1': u'123 Jump Street', 'address2': None, 'city': u'Chicago', 'state': u'IL', 'zip': u'60637', 'phone': None, 'ssn': u'0001', 'gender': u'', 'passport': u'', 'dob': '1991-01-01', 'is_valid': {'profile': False, 'phone': False, 'email': False, 'bank_account': False}}
0001
<QueryDict: {u'city': [u'Chicago'], u'first_name': [u'Testy'], u'last_name': [u'McTesterson'], u'zip': [u'60637'], u'dob': [u'1991-01-01'], u'address1': [u'123 Jump Street'], u'current_password': [u'test'], u'state': [u'IL'], u'ssn': [u'0001']}>
{'email': u'test@test.com', 'first_name': u'Testy', 'last_name': u'McTesterson', 'address1': u'123 Jump Street', 'address2': None, 'city': u'Chicago', 'state': u'IL', 'zip': u'60637', 'phone': None, 'ssn': u'0001', 'gender': u'', 'passport': u'', 'dob': '1991-01-01', 'is_valid': {'profile': False, 'phone': False, 'email': False, 'bank_account': False}}
0001
<QueryDict: {u'current_password': [u'test'], u'email': [u'test2@test.com']}>
{'email': u'test2@test.com', 'first_name': None, 'last_name': None, 'address1': None, 'address2': None, 'city': None, 'state': None, 'zip': None, 'phone': None, 'ssn': u'', 'gender': u'', 'passport': u'', 'dob': '', 'is_valid': {'profile': False, 'phone': False, 'email': False, 'bank_account': False}}

<QueryDict: {u'phone': [u'7731234567'], u'current_password': [u'test']}>
{'email': u'test@test.com', 'first_name': None, 'last_name': None, 'address1': None, 'address2': None, 'city': None, 'state': None, 'zip': None, 'phone': 7731234567L, 'ssn': u'', 'gender': u'', 'passport': u'', 'dob': '', 'is_valid': {'profile': False, 'phone': False, 'email': False, 'bank_account': False}}

